organization_id,contact_email,contact_name,contact_phone,name
d61eaad4-3b42-4143-a935-f5b60427f1ba,cantyshev0@ed.gov,Courtney Antyshev,886-958-7202,"Von, Towne and Auer"
675c0e49-6665-4ac4-86b8-857ee3fce856,srobuchon1@wikipedia.org,Shannan Robuchon,250-620-6725,"Erdman, Berge and Koepp"
3ce6aa6e-c0ec-4d69-a97a-4097b6c7e5ec,smarages2@cnet.com,Shell Marages,980-305-0456,"Goyette, Stehr and Collier"
bfe5132b-125a-42d0-88fb-23a157655e2d,myouthead3@bing.com,Mirella Youthead,913-692-2134,Wehner and Sons
581f140a-ec18-4abe-b651-6f9bd7f8e374,bmaplesden4@timesonline.co.uk,Bud Maplesden,233-923-8390,O'Kon-Moore
afde8236-c502-4be8-bb18-99d7eddb523f,sescalera5@businesswire.com,Stanfield Escalera,368-372-4944,Walsh-Metz
4076a888-c878-4a3b-adf4-bd7253ccfdf9,jbrandel6@addthis.com,Jed Brandel,353-832-3023,Bosco LLC
ae867ed8-f3de-460d-979a-d0a150aec3f1,swankling7@nature.com,Silvia Wankling,711-341-8455,"Green, Torp and Upton"
0495cca5-270e-43cf-92fd-c59701e7ed78,mhapps8@bloglines.com,Meade Happs,840-364-3083,"Wiegand, Gusikowski and Borer"
e3f0c42e-7cd7-4057-83ef-0d01147dce6b,vsmartman9@istockphoto.com,Virgie Smartman,724-481-2960,Hahn Group
0d7f4a5b-bb60-46f8-9a22-869a3e853045,babbadoa@parallels.com,Bruis Abbado,192-567-8765,"Sanford, Reynolds and Wyman"
4056c15f-3898-4a58-a7de-63129cc5ba60,sclimarb@dot.gov,Spense Climar,551-543-4491,Bednar LLC
994ade9f-e445-496d-8173-3ede996987ce,hnovakc@cargocollective.com,Honey Novak,612-576-9655,Doyle-Cronin
d3d53873-9340-40be-88da-cc2be2f59d6d,hmeijerd@army.mil,Herbert Meijer,310-244-4047,"Gusikowski, Ernser and Jaskolski"
c5e717ad-b4d6-4098-87df-73e6c14ffee3,mdellabbatee@hhs.gov,Marcos Dell'Abbate,700-142-5200,Grant LLC
88ec4a3a-8528-4e6c-a457-a6b0ff157f28,amandreyf@buzzfeed.com,Augustine Mandrey,358-406-2158,Buckridge LLC
021d1bb4-cb1d-473f-98c8-36cd47601665,drosenzwigg@miitbeian.gov.cn,Devon Rosenzwig,397-542-4539,"Schulist, Fisher and Towne"
a5684b20-90f4-47d5-b74f-1f3ff2471d77,dmillmoreh@amazon.com,Dud Millmore,180-625-5984,"Yost, Schroeder and Trantow"
56e67836-74f7-4612-98a6-b3f2c88c808a,hantonovi@archive.org,Halsy Antonov,254-821-4689,"Bechtelar, Hintz and Barton"
2377ddf7-1960-459c-ac5f-b36724972470,mmaytumj@instagram.com,Michaella Maytum,704-761-1711,Emard-Larkin
d46a01b7-bdbd-48a9-a149-e0bba7d82081,ghuffk@answers.com,Graeme Huff,529-186-1639,Mayert-Bosco
82d3e91e-8902-40db-86dd-52b54a79039c,jpapezl@drupal.org,Jabez Papez,151-712-6071,"Hammes, Kozey and Jones"
92b41cc3-3277-4be2-a901-b347bfeb577f,nfootittm@ted.com,Nathanael Footitt,461-175-5738,Ward and Sons
4d1182df-12bb-4c6f-b627-e2299f2118f7,lkindreadn@redcross.org,Lora Kindread,707-624-3001,Berge LLC
c5ee4527-96b2-4664-a48d-98dacb6d2392,bdelorto@surveymonkey.com,Brandie Delort,285-291-1769,"Hamill, Aufderhar and Conn"
d7dc53fb-5e5b-404c-a6c5-f5685b26bb71,sfitzgilbertp@bloomberg.com,Salome FitzGilbert,749-506-2824,Auer Inc
e6b2310b-70f0-4549-ba55-95474b31371c,dbarlthropq@cloudflare.com,Delcine Barlthrop,483-913-2560,"Pollich, Stroman and Parisian"
1c35bd10-ddcc-4568-be6f-cf612f430a72,nswayter@people.com.cn,Nicoli Swayte,164-394-7338,Klein-Schamberger
1a0e3825-4dc3-4b8b-9179-bf3f4652883b,donolans@marriott.com,Delly O'Nolan,469-111-5380,Ziemann-Heaney
ecf0c46d-6eac-409b-925d-33a3a70b99dc,beliet@netlog.com,Brandon Elie,595-857-5432,Kulas-Bosco
c1051bd8-bcf6-402a-bc0c-261a19b8aa82,dwhitehurstu@a8.net,Devon Whitehurst,402-966-5011,Douglas Inc
7f88cb1e-a8e6-40d5-afe0-fb7158211955,lgodballv@last.fm,Leda Godball,685-701-1288,Mohr-Bernhard
fc19fae7-0637-48ff-9bec-1a8932904671,bhallwoodw@w3.org,Brade Hallwood,430-570-1885,Howe-Tremblay
78b93ea6-f905-4947-afd3-89ca068197c6,vmcquiex@irs.gov,Van McQuie,845-418-7426,Kihn-Monahan
6f1769a3-497a-49de-8125-d3f79b4390a9,tmostiny@yolasite.com,Toinette Mostin,595-283-7854,Crist-Jacobi
86995370-cf31-4e7d-860c-faab2b6322f7,flatourz@cnet.com,Franchot Latour,284-457-0994,Flatley and Sons
77058c5f-38d4-4213-a365-1358c7335d55,tlafayette10@amazonaws.com,Terry Lafayette,879-927-2327,Von-Hammes
70a4aa97-efbc-43f3-a7d9-10ee4038236f,erosenberger11@hibu.com,Eolande Rosenberger,932-512-0519,Marks-Rutherford
6c7acba6-02cd-4c70-a716-2bfc36675c6e,dstedmond12@reverbnation.com,Dareen Stedmond,711-857-1422,"Christiansen, Gerhold and Marks"
b319a64b-4179-4706-a9ee-fe246e3b39af,pfrancais13@zdnet.com,Pearce Francais,157-656-6897,Nolan-Gottlieb
9a289093-ed2e-4455-9849-c403a6976089,rjacke14@intel.com,Reynard Jacke,923-668-8884,"Dare, Kshlerin and Dare"
f63cd24b-00be-4eee-8448-0e8b204f7975,msimoncello15@privacy.gov.au,Maddie Simoncello,513-934-9941,"Will, Macejkovic and Carroll"
9dab498e-9ee3-4711-a8a6-96ac6e414a17,aaloway16@mozilla.com,Angelia Aloway,585-418-7996,Gorczany-Gutmann
77158d3e-ee85-436b-80c5-e0a75ec429b4,eloines17@businessweek.com,Erinna Loines,143-755-8572,Howell and Sons
2ae6f556-13f6-465d-98e1-bde81fcf2d07,btrevena18@elegantthemes.com,Bartolomeo Trevena,857-599-9431,Lang and Sons
2537add9-2b83-4501-9464-52eb7854d18d,dthelwll19@who.int,Durant Thelwll,212-877-2124,Marks LLC
11fec24a-468f-4649-a386-9af9afb9b7d9,vlope1a@yolasite.com,Valeda Lope,696-137-5865,Dooley and Sons
0062286a-6ac0-4c0f-b3c0-80a46a13fd0f,kovery1b@sciencedirect.com,Kari Overy,518-541-5588,Hickle and Sons
99ad8ca9-5d09-49c7-88ad-613e003eb873,ktimms1c@toplist.cz,Kassi Timms,166-243-5519,"Simonis, Batz and Marks"
9738b471-c2df-4f03-84cd-989a7a903c6f,mmacalees1d@ca.gov,Maye MacAlees,828-578-9557,Heaney Inc
34e2b162-bbb9-4d4e-ac97-769ac1716572,ealben1e@businesswire.com,Elsie Alben,405-493-8165,Abshire-Gusikowski
fffbfc30-573d-46ce-8617-ef0f2d11aa06,blockery1f@bandcamp.com,Bourke Lockery,975-495-6577,"Schinner, Howe and Grimes"
27b1ad77-8893-4626-8598-395d2e46067d,progez1g@ebay.com,Purcell Rogez,334-145-0779,Funk Group
faae8008-675d-45e1-8e34-ea83a9eb7853,gdanielovitch1h@blogspot.com,Guthry Danielovitch,594-301-8444,"Hudson, Bashirian and Osinski"
02af3d43-31fc-4386-8899-05dd16f2fc65,dagirre1i@webeden.co.uk,Devonna Agirre,101-497-0416,Nienow-Wyman
57332a3e-8a4f-449d-aae1-1ee2e616a1ab,pblackie1j@adobe.com,Pete Blackie,473-409-1941,Prosacco and Sons
613b1c9f-15e7-43ae-9426-abe54539c13f,dcrosfield1k@google.com.au,Doti Crosfield,508-705-3686,Schumm and Sons
c9249a21-173e-4552-9f42-dc47ad89e504,ahedylstone1l@etsy.com,Alidia Hedylstone,134-597-3780,Hickle LLC
451296ef-f93f-40d8-8e29-6dff0afd3cbc,agally1m@bloglines.com,Annice Gally,106-691-1541,Watsica-Konopelski
1cc7ba05-a1ec-461d-a693-c55d910d69db,jgawke1n@cnet.com,Jori Gawke,620-903-4992,Schultz-Weissnat
3344bf29-a7f0-4e3a-aac3-0626880fb5dc,acargen1o@about.com,Agretha Cargen,108-651-6868,Carroll-Leannon
3138c728-5b41-48a7-a159-161e33bad707,alapley1p@wp.com,Alisander Lapley,727-645-0669,Luettgen Group
f45c5c93-7555-4cde-8031-ccaf05fe8336,fmeasham1q@answers.com,Fraser Measham,992-636-6030,"Von, Howell and Schuppe"
2861580f-a9e9-412c-a5d8-d4750a838c98,pbarltrop1r@constantcontact.com,Patrizia Barltrop,502-173-2032,"Windler, Trantow and Marks"
46b85012-cc5d-4de0-ae9d-7c51ffcc3b1b,tmorgue1s@hatena.ne.jp,Tamiko Morgue,389-986-7232,Aufderhar-Gerhold
d16be5d8-b18a-4611-898a-e74f5730273a,gmcevay1t@sbwire.com,Garald McEvay,310-637-5729,Schaefer-Koepp
16c15f93-20d5-4a8f-af59-44a4ff34e8ac,vpotier1u@vinaora.com,Virgil Potier,166-254-7068,Brakus-Runolfsson
f03435af-80f7-4186-ae84-b13648795cc5,gstopford1v@sciencedaily.com,Gray Stopford,615-626-7901,Von-Labadie
3b9c63ab-b99e-47c8-9b4a-c16f794e8120,kjacketts1w@blogtalkradio.com,Kelly Jacketts,464-298-8901,"Gerhold, Balistreri and Boehm"
d2b75031-a78b-4702-aa54-6d39fbe3a893,jfarr1x@indiatimes.com,Johna Farr,930-486-7183,"Runte, Hartmann and Morar"
db8b11f8-081b-4c83-8b2f-a71c7353447d,nsudy1y@wikispaces.com,Nathanial Sudy,314-331-8210,Marquardt Inc
244aae6a-783d-4227-ad55-a8f63811c8a7,bbarbier1z@noaa.gov,Britt Barbier,152-998-8317,Ebert Group
f7dfda99-efc4-4ee3-ac2c-521f23c438ae,oocrowley20@guardian.co.uk,Ole O'Crowley,247-993-5914,"Rowe, Bins and Miller"
d366ba98-a32a-45a4-8ced-174e6b10164a,zcovet21@webeden.co.uk,Zachery Covet,642-925-9529,Herzog-Blanda
78d5e6b4-128d-40fa-8482-907935f86daf,tricker22@craigslist.org,Tyrone Ricker,760-629-8957,Klocko Inc
41a644e5-09b4-4332-a810-b418e182eeb6,ppieters23@indiatimes.com,Pauline Pieters,611-437-4496,"Olson, Keeling and Williamson"
9f4ee568-ca90-4054-896b-5285cfd64ad2,roquin24@hp.com,Romonda O'Quin,413-962-9802,Hills-Jacobi
d53fbfd9-2e7e-486f-81c0-4f2f9eec9627,mcarter25@wp.com,Marissa Carter,309-524-5271,Hand Inc
1ac9cb2a-d821-42cc-997f-e4894b044cde,dbeldham26@ustream.tv,Dewey Beldham,966-958-7934,"Rempel, Wuckert and Ward"
02ad785a-67e1-4ce8-9e8c-afae207c50fc,ccoxall27@tuttocitta.it,Carol Coxall,120-386-0790,"McClure, Bailey and McLaughlin"
13f692b9-453a-4457-83bc-1680d007fe04,fjosilevich28@jalbum.net,Fabe Josilevich,910-152-5246,Luettgen-Murray
9a11a090-65c6-42b8-af3f-011b4a51252f,mblissett29@paginegialle.it,Mora Blissett,451-294-6995,Welch-Parker
398f5a6d-9367-47e7-ad09-43ad38613072,ocottrill2a@illinois.edu,Olympe Cottrill,244-856-3848,"Mitchell, Lakin and Kemmer"
2d06a8af-f785-4a9a-aacc-2cf17a23db8c,laudiss2b@etsy.com,Lu Audiss,773-301-4093,"Pollich, Macejkovic and McGlynn"
9f6c8f87-ae00-488b-b72f-46fe07b5abd8,jlarratt2c@cisco.com,Judy Larratt,555-923-2788,"Mayert, Kerluke and Fay"
86a9ff2f-c728-42b2-ab75-3838d4e84295,ymatelyunas2d@ycombinator.com,Yetta Matelyunas,173-932-5942,"Mueller, Mohr and Grant"
04735bd6-969e-4615-96c3-40a1cd0e2f87,ralesio2e@twitter.com,Rhona Alesio,259-796-0437,Raynor-Abshire
c60053d1-a663-4d80-8de8-1950ad193b50,tcutridge2f@dailymail.co.uk,Timi Cutridge,869-326-0584,Mohr Inc
f5baf33e-4da1-45cf-9a45-c27739f76e68,rthurston2g@bloomberg.com,Rakel Thurston,809-417-6296,"Quigley, Wintheiser and Spencer"
e2beae13-c77a-4abc-b9b7-a0bc2a61ad37,lcesconi2h@last.fm,Lockwood Cesconi,449-455-5892,Keebler Group
cb1d8d43-8042-4dce-8723-491a60bd7fb3,jalcorn2i@webs.com,Jed Alcorn,693-480-5730,Schuppe Group
0a6185a7-b6b0-4720-b579-5b06a47857e6,amagne2j@yolasite.com,Addison Magne,178-979-0903,Barrows Inc
631fd6f2-ccf6-4059-96fa-06af9acaea60,lsully2k@clickbank.net,Lavina Sully,439-906-7377,Terry and Sons
acd9b02a-883c-4394-ba71-1c547c14f214,pqusklay2l@xing.com,Perice Qusklay,575-410-9901,Robel LLC
762144c7-c63f-4bb7-8d35-07e014710741,msollam2m@nymag.com,Melania Sollam,825-102-4388,Zemlak-Shields
454c3d18-c79f-4e2a-8b8b-246dd70836e3,mmccaughran2n@japanpost.jp,Maddy McCaughran,877-594-3090,"Durgan, Greenfelder and Douglas"
ed965c39-b447-4149-b819-786f066508c7,mreubens2o@cnbc.com,Mellisa Reubens,551-811-4789,Oberbrunner and Sons
4334cb09-24a8-4037-a363-1e0e9df5d327,sbaigrie2p@dailymotion.com,Sylvester Baigrie,264-404-9892,O'Conner-Mayer
9e35832f-a495-421e-864c-9ebeccc3c313,cpenritt2q@umn.edu,Cherilyn Penritt,632-999-3472,"Pfeffer, Huels and Kshlerin"
996f5e2f-302d-4719-ab37-88d8749bc67f,smcgann2r@va.gov,Shari McGann,220-295-7204,McDermott Group
